Model,Accuracy,F1
Gaussian Naive-Bayes,0.119047619,0.11854793
Logistic Regression,0.880952381,0.46835443
Random Forest,0.904761905,0.475
Decision Tree,0.904491623,0.479
SVM,0.907619048,0.476
kNN,0.880952381,0.46835443
